season,team,points,annual_wages_gbp
2013-2014,Manchester City,86,113254000
2013-2014,Liverpool,84,65647000
2013-2014,Chelsea,82,102922000
2013-2014,Arsenal,79,71994000
2013-2014,Everton,72,52840000
2013-2014,Tottenham Hotspur,69,51251000
2013-2014,Manchester United,64,97292000
2013-2014,Southampton,56,27906000
2013-2014,Stoke City,50,33927000
2013-2014,Newcastle United,49,36448000
2013-2014,Crystal Palace,45,19377000
2013-2014,Swansea City,42,21459000
2013-2014,West Ham United,40,47267000
2013-2014,Sunderland,38,41565000
2013-2014,Aston Villa,38,33046000
2013-2014,Hull City,37,21024000
2013-2014,West Bromwich Albion,36,34543000
2013-2014,Norwich City,33,27829000
2013-2014,Fulham,32,33327000
2013-2014,Cardiff City,30,27872000
2014-2015,Chelsea,87,104644000
2014-2015,Manchester City,79,122296000
2014-2015,Arsenal,75,94677000
2014-2015,Manchester United,70,141120000
2014-2015,Tottenham Hotspur,64,65790000
2014-2015,Liverpool,62,82030000
2014-2015,Southampton,60,42557000
2014-2015,Swansea City,56,30019000
2014-2015,Stoke City,54,36713000
2014-2015,Crystal Palace,48,31704000
2014-2015,Everton,47,50455000
2014-2015,West Ham United,47,45458000
2014-2015,West Bromwich Albion,44,35490000
2014-2015,Leicester City,41,33418000
2014-2015,Newcastle United,39,32733000
2014-2015,Sunderland,38,38626000
2014-2015,Aston Villa,38,33119000
2014-2015,Hull City,35,36795000
2014-2015,Burnley,33,15581000
2014-2015,Queens Park Rangers,30,45100000
2015-2016,Leicester City,81,36878000
2015-2016,Arsenal,71,98190000
2015-2016,Tottenham Hotspur,70,54248000
2015-2016,Manchester City,66,126956000
2015-2016,Manchester United,66,124573000
2015-2016,Southampton,63,42983000
2015-2016,West Ham United,62,53333000
2015-2016,Liverpool,60,94957000
2015-2016,Stoke City,51,42158000
2015-2016,Chelsea,50,99939000
2015-2016,Everton,47,55323000
2015-2016,Swansea City,47,40612000
2015-2016,Watford,45,29019000
2015-2016,West Bromwich Albion,43,41521000
2015-2016,Crystal Palace,42,54189000
2015-2016,AFC Bournemouth,42,26453000
2015-2016,Sunderland,39,46349000
2015-2016,Newcastle United,37,49255000
2015-2016,Norwich City,34,32656000
2015-2016,Aston Villa,17,37231000
2016-2017,Chelsea,93,98614000
2016-2017,Tottenham Hotspur,86,71214000
2016-2017,Manchester City,78,137961000
2016-2017,Liverpool,76,91686000
2016-2017,Arsenal,75,103365000
2016-2017,Manchester United,69,157508000
2016-2017,Everton,61,67837000
2016-2017,Southampton,46,58272000
2016-2017,AFC Bournemouth,46,35665000
2016-2017,West Bromwich Albion,45,40960000
2016-2017,West Ham United,45,56552000
2016-2017,Leicester City,44,63701000
2016-2017,Stoke City,44,51762000
2016-2017,Crystal Palace,41,72219000
2016-2017,Swansea City,41,39728000
2016-2017,Burnley,40,24414000
2016-2017,Watford,40,41998000
2016-2017,Hull City,34,42145000
2016-2017,Middlesbrough,28,38868000
2016-2017,Sunderland,24,47762000
2017-2018,Manchester City,100,151498000
2017-2018,Manchester United,81,166171000
2017-2018,Tottenham Hotspur,77,80298000
2017-2018,Liverpool,75,95673000
2017-2018,Chelsea,70,121662000
2017-2018,Arsenal,63,158256000
2017-2018,Burnley,54,32557000
2017-2018,Everton,49,85440000
2017-2018,Leicester City,47,64107000
2017-2018,Newcastle United,44,42219000
2017-2018,Crystal Palace,44,68041000
2017-2018,AFC Bournemouth,44,43061000
2017-2018,West Ham United,42,69533000
2017-2018,Watford,41,46476000
2017-2018,Brighton & Hove Albion,40,39909000
2017-2018,Huddersfield Town,37,25607000
2017-2018,Southampton,36,68073000
2017-2018,Swansea City,33,47773000
2017-2018,Stoke City,33,49052000
2017-2018,West Bromwich Albion,31,59054000
2018-2019,Manchester City,98,150611000
2018-2019,Liverpool,97,127460000
2018-2019,Chelsea,72,157507000
2018-2019,Tottenham Hotspur,71,91206000
2018-2019,Arsenal,70,135360000
2018-2019,Manchester United,66,151325000
2018-2019,Wolverhampton Wanderers,57,37187000
2018-2019,Everton,54,85707000
2018-2019,Leicester City,52,79900000
2018-2019,West Ham United,52,82795000
2018-2019,Watford,50,49398000
2018-2019,Crystal Palace,49,74701000
2018-2019,Newcastle United,45,49845000
2018-2019,AFC Bournemouth,45,52690000
2018-2019,Burnley,40,44263000
2018-2019,Southampton,39,72514500
2018-2019,Brighton & Hove Albion,36,42821000
2018-2019,Cardiff City,34,32990000
2018-2019,Fulham,26,50919000
2018-2019,Huddersfield Town,16,35115000
2019-2020,Liverpool,99,114870000
2019-2020,Manchester City,81,148990000
2019-2020,Manchester United,66,165440000
2019-2020,Chelsea,66,119650000
2019-2020,Leicester City,62,73530000
2019-2020,Tottenham Hotspur,59,107580000
2019-2020,Wolverhampton Wanderers,59,54130000
2019-2020,Arsenal,56,118540000
2019-2020,Sheffield United,54,24180000
2019-2020,Burnley,54,44470000
2019-2020,Southampton,52,53540000
2019-2020,Everton,49,87930000
2019-2020,Newcastle United,44,67310000
2019-2020,Crystal Palace,43,74290000
2019-2020,Brighton & Hove Albion,41,48720000
2019-2020,West Ham United,39,74506000
2019-2020,Aston Villa,35,51150000
2019-2020,AFC Bournemouth,34,42350000
2019-2020,Watford,34,57670000
2019-2020,Norwich City,21,26190000
2020-2021,Manchester City,86,137678000
2020-2021,Manchester United,74,193410000
2020-2021,Liverpool,69,130920000
2020-2021,Chelsea,67,147811988
2020-2021,Leicester City,66,77526000
2020-2021,West Ham United,65,66476000
2020-2021,Tottenham Hotspur,62,134476000
2020-2021,Arsenal,61,147450000
2020-2021,Leeds United,59,24186400
2020-2021,Everton,59,92073000
2020-2021,Aston Villa,55,62113024
2020-2021,Newcastle United,45,57546000
2020-2021,Wolverhampton Wanderers,45,51513800
2020-2021,Crystal Palace,44,88735000
2020-2021,Southampton,43,57184000
2020-2021,Brighton & Hove Albion,41,51578900
2020-2021,Burnley,39,36751000
2020-2021,Fulham,28,52168824
2020-2021,West Bromwich Albion,26,37088200
2020-2021,Sheffield United,23,20087200
2021-2022,Manchester City,93,151552000
2021-2022,Liverpool,92,144412000
2021-2022,Chelsea,74,175890000
2021-2022,Tottenham Hotspur,71,110190000
2021-2022,Arsenal,69,114370000
2021-2022,Manchester United,58,238850000
2021-2022,West Ham United,56,74556000
2021-2022,Leicester City,52,74370000
2021-2022,Brighton & Hove Albion,51,46470000
2021-2022,Wolverhampton Wanderers,51,57270000
2021-2022,Newcastle United,49,68570000
2021-2022,Crystal Palace,48,72950000
2021-2022,Brentford,46,21130000
2021-2022,Aston Villa,45,71490000
2021-2022,Southampton,40,52580000
2021-2022,Everton,39,92698000
2021-2022,Leeds United,38,23810000
2021-2022,Burnley,35,39520000
2021-2022,Watford,23,41380000
2021-2022,Norwich City,22,31320000
2022-2023,Manchester City,89,194740000
2022-2023,Arsenal,84,101660000
2022-2023,Manchester United,75,228514000
2022-2023,Newcastle United,71,82836000
2022-2023,Liverpool,67,161980000
2022-2023,Brighton & Hove Albion,62,38376000
2022-2023,Aston Villa,61,100620000
2022-2023,Tottenham Hotspur,60,109330000
2022-2023,Brentford,59,32136000
2022-2023,Fulham,52,54340000
2022-2023,Crystal Palace,45,66820000
2022-2023,Chelsea,44,190060000
2022-2023,Wolverhampton Wanderers,41,52182000
2022-2023,West Ham United,40,82420000
2022-2023,AFC Bournemouth,39,38428000
2022-2023,Nottingham Forest,38,53430000
2022-2023,Everton,36,84812000
2022-2023,Leicester City,34,78780000
2022-2023,Leeds United,31,49374000
2022-2023,Southampton,25,49556000
2023-2024,Manchester City,91,201032000
2023-2024,Arsenal,89,166036000
2023-2024,Liverpool,82,136240000
2023-2024,Aston Villa,68,117150000
2023-2024,Tottenham Hotspur,66,117520000
2023-2024,Chelsea,63,157040000
2023-2024,Newcastle United,60,84500000
2023-2024,Manchester United,60,205756000
2023-2024,West Ham United,52,95316000
2023-2024,Crystal Palace,49,69050000
2023-2024,Brighton & Hove Albion,48,62400000
2023-2024,AFC Bournemouth,48,54834000
2023-2024,Fulham,47,66690000
2023-2024,Wolverhampton Wanderers,46,53820000
2023-2024,Everton,40,78978000
2023-2024,Brentford,39,39936000
2023-2024,Nottingham Forest,32,72050000
2023-2024,Luton Town,26,24570000
2023-2024,Burnley,24,38506000
2023-2024,Sheffield United,16,28756000
2024-2025,Liverpool,84,128804000
2024-2025,Arsenal,74,169416000
2024-2025,Manchester City,71,201864000
2024-2025,Chelsea,69,172120000
2024-2025,Newcastle United,66,103272000
2024-2025,Aston Villa,66,107536000
2024-2025,Nottingham Forest,65,63492000
2024-2025,Brighton & Hove Albion,61,61958000
2024-2025,AFC Bournemouth,56,54704000
2024-2025,Brentford,56,41470000
2024-2025,Fulham,54,68406000
2024-2025,Crystal Palace,53,69810000
2024-2025,Everton,48,71422000
2024-2025,West Ham United,43,90220000
2024-2025,Manchester United,42,180848000
2024-2025,Wolverhampton Wanderers,42,54262000
2024-2025,Tottenham Hotspur,38,104286000
2024-2025,Leicester City,25,65416000
2024-2025,Ipswich Town,22,34216000
2024-2025,Southampton,12,56030000
